name,robots,docks,containers,piles,success_rate,avg_solve_time,std_solve_time,avg_plan_length,std_plan_length
small_1,1,3,4,3,1.0,0.21031508445739747,0.009245717033259127,7,0.0
small_2,1,4,5,4,1.0,0.24459972381591796,0.0025817746131094467,7,0.0
small_3,2,4,6,4,1.0,0.350004243850708,0.0024902133363798205,6,0.0
medium_1,2,5,8,5,1.0,0.5233418941497803,0.009777710503828167,20,0.0
medium_2,3,5,10,5,1.0,0.9341823577880859,0.03324352875565811,6,0.0
medium_3,3,6,12,6,1.0,1.4008087635040283,0.004645436736403598,6,0.0
large_1,3,7,14,7,1.0,2.1330787181854247,0.054986220577361494,13,0.0
large_2,4,7,16,7,1.0,3.424354887008667,0.02456768414075087,10,0.0
large_3,4,8,18,8,1.0,5.113160037994385,0.024706137331371787,10,0.0
